상의,하의,아우터,신발
카키 폴로 셔츠,회색 레깅스,네이비 트렌치코트,검은색 슬리퍼
카키 맨투맨,브라운 슬랙스,베이지 블레이저,회색 운동화
흰색 긴팔 티셔츠,브라운 와이드팬츠,회색 숏패딩,검은색 로퍼
베이지 터틀넥,청색 레깅스,카키 울 코트,흰색 슬리퍼
회색 슬리브리스,회색 트레이닝팬츠,검은색 가디건,네이비 컨버스
브라운 반팔 티셔츠,청색 와이드팬츠,베이지 패딩,검은색 운동화
버건디 긴팔 티셔츠,청색 조거팬츠,검은색 패딩,브라운 로퍼
파란색 슬리브리스,검은색 레깅스,네이비 가죽 자켓,흰색 하이탑
베이지 긴팔 티셔츠,브라운 와이드팬츠,브라운 패딩,흰색 하이탑
파란색 맨투맨,네이비 치노팬츠,네이비 울 코트,브라운 하이탑
흰색 폴로 셔츠,회색 청바지,검은색 가디건,회색 운동화
버건디 슬리브리스,회색 치노팬츠,회색 패딩,네이비 하이탑
카키 니트,청색 와이드팬츠,검은색 트렌치코트,검은색 더비 슈즈
네이비 긴팔 티셔츠,회색 청바지,브라운 청자켓,검은색 로퍼
브라운 맨투맨,검은색 레깅스,검은색 가디건,네이비 운동화
브라운 반팔 티셔츠,카키 청바지,회색 가죽 자켓,흰색 부츠
파란색 터틀넥,검은색 조거팬츠,카키 숏패딩,흰색 스니커즈
파란색 긴팔 티셔츠,네이비 반바지,브라운 가죽 자켓,네이비 하이탑
버건디 터틀넥,브라운 트레이닝팬츠,검은색 청자켓,베이지 샌들
카키 후드티,청색 조거팬츠,회색 블레이저,베이지 슬리퍼
브라운 슬리브리스,베이지 슬랙스,검은색 청자켓,베이지 로퍼
카키 맨투맨,네이비 와이드팬츠,브라운 울 코트,회색 스니커즈
회색 블라우스,카키 트레이닝팬츠,네이비 후리스,네이비 샌들
브라운 맨투맨,브라운 레깅스,브라운 청자켓,검은색 샌들
검은색 반팔 티셔츠,청색 레깅스,검은색 숏패딩,네이비 부츠
파란색 후드티,청색 치노팬츠,카키 숏패딩,네이비 컨버스
브라운 맨투맨,검은색 치노팬츠,베이지 트렌치코트,브라운 부츠
네이비 맨투맨,검은색 반바지,카키 블레이저,베이지 스니커즈
버건디 니트,청색 레깅스,브라운 코트,검은색 로퍼
네이비 맨투맨,네이비 카고팬츠,카키 트렌치코트,네이비 스니커즈
브라운 폴로 셔츠,회색 반바지,베이지 패딩,흰색 로퍼
베이지 폴로 셔츠,브라운 치노팬츠,검은색 숏패딩,회색 슬리퍼
브라운 반팔 티셔츠,검은색 청바지,카키 패딩,베이지 컨버스
베이지 블라우스,청색 카고팬츠,베이지 블레이저,브라운 더비 슈즈
버건디 긴팔 티셔츠,베이지 조거팬츠,카키 코트,베이지 슬리퍼
브라운 터틀넥,네이비 치노팬츠,네이비 블레이저,네이비 샌들
브라운 터틀넥,회색 슬랙스,네이비 청자켓,네이비 컨버스
회색 터틀넥,베이지 청바지,네이비 숏패딩,베이지 샌들
버건디 니트,베이지 조거팬츠,브라운 트렌치코트,검은색 첼시 부츠
검은색 반팔 티셔츠,검은색 와이드팬츠,네이비 가디건,흰색 로퍼
베이지 폴로 셔츠,브라운 카고팬츠,네이비 숏패딩,흰색 로퍼
네이비 니트,검은색 청바지,네이비 울 코트,검은색 컨버스
회색 반팔 티셔츠,네이비 슬랙스,카키 가디건,검은색 부츠
흰색 셔츠,검은색 청바지,베이지 코트,베이지 로퍼
검은색 터틀넥,검은색 레깅스,회색 블레이저,네이비 첼시 부츠
베이지 블라우스,청색 레깅스,검은색 패딩,브라운 로퍼
회색 폴로 셔츠,검은색 카고팬츠,베이지 가디건,브라운 운동화
파란색 슬리브리스,네이비 조거팬츠,네이비 트렌치코트,검은색 더비 슈즈
파란색 반팔 티셔츠,브라운 치노팬츠,네이비 가죽 자켓,회색 스니커즈
버건디 반팔 티셔츠,카키 치노팬츠,베이지 가죽 자켓,회색 슬리퍼
파란색 폴로 셔츠,회색 레깅스,브라운 후리스,검은색 컨버스
회색 셔츠,청색 치노팬츠,브라운 가죽 자켓,베이지 더비 슈즈
베이지 폴로 셔츠,청색 레깅스,베이지 트렌치코트,베이지 첼시 부츠
흰색 긴팔 티셔츠,베이지 반바지,검은색 가디건,검은색 로퍼
검은색 니트,브라운 슬랙스,검은색 울 코트,검은색 샌들
브라운 니트,카키 반바지,베이지 패딩,네이비 스니커즈
브라운 반팔 티셔츠,회색 치노팬츠,검은색 울 코트,검은색 운동화
카키 셔츠,청색 조거팬츠,네이비 청자켓,검은색 샌들
검은색 니트,청색 반바지,베이지 블레이저,네이비 슬리퍼
회색 폴로 셔츠,네이비 레깅스,검은색 블레이저,회색 로퍼
검은색 니트,네이비 카고팬츠,카키 가죽 자켓,베이지 슬리퍼
네이비 터틀넥,회색 조거팬츠,검은색 후리스,베이지 운동화
카키 폴로 셔츠,검은색 청바지,회색 트렌치코트,네이비 더비 슈즈
브라운 니트,베이지 청바지,카키 후리스,검은색 슬리퍼
파란색 맨투맨,검은색 슬랙스,회색 청자켓,네이비 첼시 부츠
버건디 긴팔 티셔츠,네이비 와이드팬츠,브라운 후리스,흰색 컨버스
파란색 폴로 셔츠,네이비 조거팬츠,네이비 패딩,검은색 하이탑
카키 폴로 셔츠,네이비 조거팬츠,브라운 블레이저,네이비 로퍼
버건디 폴로 셔츠,브라운 반바지,검은색 트렌치코트,브라운 부츠
카키 후드티,회색 치노팬츠,브라운 후리스,네이비 하이탑
버건디 반팔 티셔츠,청색 레깅스,검은색 후리스,흰색 슬리퍼
회색 슬리브리스,회색 트레이닝팬츠,베이지 후리스,네이비 운동화
파란색 셔츠,베이지 와이드팬츠,베이지 트렌치코트,검은색 스니커즈
버건디 슬리브리스,브라운 반바지,브라운 블레이저,브라운 컨버스
네이비 셔츠,네이비 치노팬츠,카키 가디건,브라운 부츠
회색 맨투맨,회색 반바지,브라운 코트,브라운 로퍼
브라운 후드티,검은색 슬랙스,브라운 가디건,회색 첼시 부츠
파란색 니트,베이지 치노팬츠,브라운 코트,네이비 첼시 부츠
네이비 반팔 티셔츠,회색 반바지,브라운 블레이저,회색 로퍼
버건디 블라우스,베이지 와이드팬츠,브라운 코트,검은색 하이탑
흰색 폴로 셔츠,브라운 와이드팬츠,네이비 코트,검은색 로퍼
베이지 폴로 셔츠,카키 치노팬츠,회색 가디건,베이지 슬리퍼
흰색 터틀넥,브라운 조거팬츠,카키 숏패딩,브라운 부츠
검은색 반팔 티셔츠,검은색 슬랙스,브라운 코트,네이비 슬리퍼
흰색 터틀넥,네이비 와이드팬츠,베이지 블레이저,검은색 부츠
버건디 터틀넥,회색 트레이닝팬츠,회색 패딩,브라운 첼시 부츠
파란색 폴로 셔츠,카키 반바지,베이지 블레이저,흰색 부츠
카키 블라우스,브라운 조거팬츠,네이비 후리스,흰색 로퍼
흰색 블라우스,검은색 트레이닝팬츠,회색 후리스,회색 샌들
베이지 셔츠,카키 트레이닝팬츠,베이지 가디건,흰색 슬리퍼
검은색 블라우스,브라운 청바지,네이비 가죽 자켓,검은색 더비 슈즈
카키 긴팔 티셔츠,브라운 슬랙스,카키 울 코트,베이지 스니커즈
파란색 폴로 셔츠,청색 트레이닝팬츠,네이비 후리스,네이비 스니커즈
회색 니트,카키 반바지,네이비 코트,베이지 첼시 부츠
카키 긴팔 티셔츠,검은색 반바지,베이지 패딩,브라운 하이탑
회색 후드티,회색 레깅스,네이비 가죽 자켓,검은색 더비 슈즈
검은색 터틀넥,카키 조거팬츠,베이지 가디건,흰색 운동화
브라운 폴로 셔츠,카키 슬랙스,회색 트렌치코트,네이비 하이탑
네이비 슬리브리스,베이지 와이드팬츠,베이지 코트,회색 더비 슈즈
파란색 터틀넥,브라운 슬랙스,회색 코트,네이비 로퍼
